Timestamp,Game Time,Platform,Platform Key,Home Team,Home Odds (Decimal),Home Probability (%),Away Team,Away Odds (Decimal),Away Probability (%),Last Update,Best Home Odds,Best Away Odds
2025-10-06 20:30:10,2025-10-12T17:01:00Z,DraftKings,draftkings,Miami Dolphins,3.05,32.79,Los Angeles Chargers,1.4,71.43,2025-10-06T14:59:26Z,,
2025-10-06 20:30:10,2025-10-12T17:01:00Z,BetUS,betus,Miami Dolphins,3.18,31.45,Los Angeles Chargers,1.38,72.46,2025-10-06T14:59:18Z,✓,
2025-10-06 20:30:10,2025-10-12T17:01:00Z,ESPN BET,espnbet,Miami Dolphins,3.1,32.26,Los Angeles Chargers,1.4,71.43,2025-10-06T15:00:05Z,,
2025-10-06 20:30:10,2025-10-12T17:01:00Z,FanDuel,fanduel,Miami Dolphins,3.0,33.33,Los Angeles Chargers,1.41,70.92,2025-10-06T14:59:46Z,,
2025-10-06 20:30:10,2025-10-12T17:01:00Z,MyBookie.ag,mybookieag,Miami Dolphins,2.92,34.25,Los Angeles Chargers,1.39,71.94,2025-10-06T14:58:39Z,,
2025-10-06 20:30:10,2025-10-12T17:01:00Z,LowVig.ag,lowvig,Miami Dolphins,3.15,31.75,Los Angeles Chargers,1.38,72.46,2025-10-06T14:59:45Z,,
2025-10-06 20:30:10,2025-10-12T17:01:00Z,BetOnline.ag,betonlineag,Miami Dolphins,3.15,31.75,Los Angeles Chargers,1.38,72.46,2025-10-06T14:59:26Z,,
2025-10-06 20:30:10,2025-10-12T17:01:00Z,Bally Bet,ballybet,Miami Dolphins,2.8,35.71,Los Angeles Chargers,1.42,70.42,2025-10-06T14:59:56Z,,
2025-10-06 20:30:10,2025-10-12T17:01:00Z,BetRivers,betrivers,Miami Dolphins,2.75,36.36,Los Angeles Chargers,1.43,69.93,2025-10-06T14:59:37Z,,✓
2025-10-06 20:30:10,2025-10-12T17:01:00Z,betPARX,betparx,Miami Dolphins,2.9,34.48,Los Angeles Chargers,1.43,69.93,2025-10-06T14:59:08Z,,
2025-10-06 20:30:10,2025-10-12T17:01:00Z,Bovada,bovada,Miami Dolphins,3.1,32.26,Los Angeles Chargers,1.4,71.43,2025-10-06T15:00:02Z,,
2025-10-06 20:30:10,2025-10-12T17:01:00Z,Fliff,fliff,Miami Dolphins,3.05,32.79,Los Angeles Chargers,1.36,73.53,2025-10-06T14:59:54Z,,
2025-10-06 20:30:10,2025-10-12T17:01:00Z,BetMGM,betmgm,Miami Dolphins,3.0,33.33,Los Angeles Chargers,1.4,71.43,2025-10-06T14:59:27Z,,
2025-10-06 20:30:10,2025-10-12T17:01:00Z,Hard Rock Bet,hardrockbet,Miami Dolphins,3.0,33.33,Los Angeles Chargers,1.4,71.43,2025-10-06T15:00:05Z,,
2025-10-06 20:30:10,2025-10-12T17:01:00Z,BetAnything,betanysports,Miami Dolphins,3.15,31.75,Los Angeles Chargers,1.38,72.46,2025-10-06T15:00:04Z,,
---,---,---,---,---,0.0,---,---,0.0,---,---,---,---
2025-10-06 20:30:14,2025-10-12T17:01:00Z,DraftKings,draftkings,Miami Dolphins,3.05,32.79,Los Angeles Chargers,1.4,71.43,2025-10-06T14:59:26Z,,
2025-10-06 20:30:14,2025-10-12T17:01:00Z,BetUS,betus,Miami Dolphins,3.18,31.45,Los Angeles Chargers,1.38,72.46,2025-10-06T14:59:18Z,✓,
2025-10-06 20:30:14,2025-10-12T17:01:00Z,ESPN BET,espnbet,Miami Dolphins,3.1,32.26,Los Angeles Chargers,1.4,71.43,2025-10-06T15:00:05Z,,
2025-10-06 20:30:14,2025-10-12T17:01:00Z,FanDuel,fanduel,Miami Dolphins,3.0,33.33,Los Angeles Chargers,1.41,70.92,2025-10-06T15:00:14Z,,
2025-10-06 20:30:14,2025-10-12T17:01:00Z,MyBookie.ag,mybookieag,Miami Dolphins,2.92,34.25,Los Angeles Chargers,1.39,71.94,2025-10-06T14:58:39Z,,
2025-10-06 20:30:14,2025-10-12T17:01:00Z,LowVig.ag,lowvig,Miami Dolphins,3.15,31.75,Los Angeles Chargers,1.38,72.46,2025-10-06T14:59:45Z,,
2025-10-06 20:30:14,2025-10-12T17:01:00Z,BetOnline.ag,betonlineag,Miami Dolphins,3.15,31.75,Los Angeles Chargers,1.38,72.46,2025-10-06T14:59:26Z,,
2025-10-06 20:30:14,2025-10-12T17:01:00Z,Bally Bet,ballybet,Miami Dolphins,2.8,35.71,Los Angeles Chargers,1.42,70.42,2025-10-06T14:59:56Z,,
2025-10-06 20:30:14,2025-10-12T17:01:00Z,BetRivers,betrivers,Miami Dolphins,2.75,36.36,Los Angeles Chargers,1.43,69.93,2025-10-06T14:59:37Z,,✓
2025-10-06 20:30:14,2025-10-12T17:01:00Z,betPARX,betparx,Miami Dolphins,2.8,35.71,Los Angeles Chargers,1.42,70.42,2025-10-06T15:00:14Z,,
2025-10-06 20:30:14,2025-10-12T17:01:00Z,Bovada,bovada,Miami Dolphins,3.1,32.26,Los Angeles Chargers,1.4,71.43,2025-10-06T15:00:02Z,,
2025-10-06 20:30:14,2025-10-12T17:01:00Z,Fliff,fliff,Miami Dolphins,3.05,32.79,Los Angeles Chargers,1.36,73.53,2025-10-06T14:59:54Z,,
2025-10-06 20:30:14,2025-10-12T17:01:00Z,BetMGM,betmgm,Miami Dolphins,3.0,33.33,Los Angeles Chargers,1.4,71.43,2025-10-06T14:59:27Z,,
2025-10-06 20:30:14,2025-10-12T17:01:00Z,Hard Rock Bet,hardrockbet,Miami Dolphins,3.0,33.33,Los Angeles Chargers,1.4,71.43,2025-10-06T15:00:05Z,,
2025-10-06 20:30:14,2025-10-12T17:01:00Z,BetAnything,betanysports,Miami Dolphins,3.15,31.75,Los Angeles Chargers,1.38,72.46,2025-10-06T15:00:04Z,,
---,---,---,---,---,0.0,---,---,0.0,---,---,---,---
